{"cameraMode":{"drawMode":0,"name":"Shaded","section":"Shading Mode"},"sceneLighting":true,"audioPlay":false,"sceneViewState":{"showFog":false,"showMaterialUpdate":false,"showSkybox":true,"showFlares":false,"showImageEffects":true,"showParticleSystems":true},"in2DMode":false,"pivot":{"x":0.9679806232452393,"y":-7.522190093994141,"z":-5.100717544555664},"rotation":{"x":-0.44467079639434817,"y":-0.0034960389602929355,"z":0.0017344822408631445,"w":-0.8956876397132874},"size":15.035101890563965,"orthographic":false}