{"cameraMode":{"drawMode":0,"name":"Shaded","section":"Shading Mode"},"sceneLighting":false,"audioPlay":false,"sceneViewState":{"showFog":false,"showMaterialUpdate":false,"showSkybox":false,"showFlares":false,"showImageEffects":true,"showParticleSystems":true},"in2DMode":false,"pivot":{"x":2.414003610610962,"y":-0.3266845941543579,"z":-2.128983497619629},"rotation":{"x":-0.2112269401550293,"y":0.06504001468420029,"z":-0.014088872820138932,"w":-0.975172221660614},"size":2.36602520942688,"orthographic":false}