{"cameraMode":{"drawMode":0,"name":"Shaded","section":"Shading Mode"},"sceneLighting":false,"audioPlay":false,"sceneViewState":{"showFog":false,"showMaterialUpdate":false,"showSkybox":false,"showFlares":false,"showImageEffects":true,"showParticleSystems":true},"in2DMode":false,"pivot":{"x":0.5000005960464478,"y":0.6000000238418579,"z":-2.2300000190734865},"rotation":{"x":-0.14551980793476106,"y":-0.750318706035614,"z":0.17599721252918244,"w":-0.6203863024711609},"size":0.4330126941204071,"orthographic":false}