{"cameraMode":{"drawMode":0,"name":"Shaded","section":"Shading Mode"},"sceneLighting":true,"audioPlay":false,"sceneViewState":{"showFog":false,"showMaterialUpdate":false,"showSkybox":true,"showFlares":false,"showImageEffects":true,"showParticleSystems":true},"in2DMode":false,"pivot":{"x":15.56362533569336,"y":6.557380676269531,"z":10.830463409423829},"rotation":{"x":0.31350961327552798,"y":-0.24815793335437776,"z":0.08525296300649643,"w":0.9126205444335938},"size":18.519447326660158,"orthographic":false}